{
	"info": {
		"_postman_id": "c838331f-24eb-4272-ba8e-cd576cc4d7fd",
		"name": "CARS",
		"schema": "https://schema.getpostman.com/json/collection/v2.1.0/collection.json",
		"_exporter_id": "30660886",
		"_collection_link": "https://www.postman.com/lunar-module-pilot-95045665/workspace/cars/collection/30660886-c838331f-24eb-4272-ba8e-cd576cc4d7fd?action=share&source=collection_link&creator=30660886"
	},
	"item": [
		{
			"name": "Create",
			"request": {
				"method": "POST",
				"header": [],
				"body": {
					"mode": "raw",
					"raw": "{\r\n    \"type\": \"Muscle\",\r\n    \"brand\":\"Chevrolet\" ,\r\n    \"carmodel\":\"Cammaro\",\r\n    \"engine\": \"twin-turbo\",\r\n    \"TopSpeed\":\"380\" \r\n}",
					"options": {
						"raw": {
							"language": "json"
						}
					}
				},
				"url": {
					"raw": "http://localhost:3000/car",
					"protocol": "http",
					"host": [
						"localhost"
					],
					"port": "3000",
					"path": [
						"car"
					]
				}
			},
			"response": []
		},
		{
			"name": "Find all",
			"request": {
				"method": "GET",
				"header": [],
				"url": {
					"raw": "http://localhost:3000/car",
					"protocol": "http",
					"host": [
						"localhost"
					],
					"port": "3000",
					"path": [
						"car"
					]
				}
			},
			"response": []
		},
		{
			"name": "Get one",
			"request": {
				"method": "GET",
				"header": [],
				"url": {
					"raw": "http://localhost:3000/car/658dea0d3e298333181b95e7",
					"protocol": "http",
					"host": [
						"localhost"
					],
					"port": "3000",
					"path": [
						"car",
						"658dea0d3e298333181b95e7"
					]
				}
			},
			"response": []
		},
		{
			"name": "Update",
			"request": {
				"method": "PUT",
				"header": [],
				"body": {
					"mode": "raw",
					"raw": "{\r\n    \"engine\":\"tyrbo\"\r\n}",
					"options": {
						"raw": {
							"language": "json"
						}
					}
				},
				"url": {
					"raw": "http://localhost:3000/car/658dea0d3e298333181b95e7",
					"protocol": "http",
					"host": [
						"localhost"
					],
					"port": "3000",
					"path": [
						"car",
						"658dea0d3e298333181b95e7"
					]
				}
			},
			"response": []
		},
		{
			"name": "Delete",
			"request": {
				"method": "DELETE",
				"header": [],
				"url": {
					"raw": "http://localhost:3000/car/658de9cd3e298333181b95e5",
					"protocol": "http",
					"host": [
						"localhost"
					],
					"port": "3000",
					"path": [
						"car",
						"658de9cd3e298333181b95e5"
					]
				}
			},
			"response": []
		}
	]
}